artist_name,artist_popularity,artist_followers
$uicideboy$,83.0,8957416.0
'ery noice,25.0,11720.0
(((()))),51.0,49519.0
*nsync,69.0,3088613.0
-,28.0,714.0
009 sound system,36.0,37357.0
03 greedo,61.0,548736.0
2 chainz,74.0,8305217.0
2 vive,31.0,1866.0
2'live bre,32.0,3893.0
21 savage,84.0,23822155.0
24kgoldn,65.0,2285613.0
2pac,78.0,22555572.0
3 doors down,71.0,4909653.0
3oh!3,61.0,1067391.0
4 non blondes,65.0,699249.0
4batz,62.0,669148.0
4ourty8,29.0,6670.0
5 seconds of summer,75.71428571428571,10246609.0
50 cent,82.0,18868122.0
7horse,44.0,29307.0
932sounds,31.0,23317.0
a boogie wit da hoodie,77.0,8987309.0
a great big world,57.0,649992.0
a tribe called quest,64.0,2402371.0
a!ms,47.0,7071.0
a$ap ferg,68.0,4287336.0
a$ap rocky,82.0,17333176.0
a-ha,71.0,2910085.0
a17n,27.0,893.0
a2o,46.0,13826.0
aakaash rao,31.0,1438.0
aaliyah,64.0,5034992.0
aaron tippin,49.0,669174.0
aaryan shah,58.0,343014.0
abba,79.0,14888609.0
abeer nehme,50.0,247771.0
ac/dc,80.0,32304988.0
adam hicks,50.0,52929.0
adam lambert,57.0,1638163.0
adam levine,71.0,1063656.0
adam port,71.0,334659.0
adam skorupa,42.0,17023.0
adam taylor,29.0,6929.0
addison rae,74.0,1366758.0
adele,83.0,66751662.0
adrian von ziegler,47.0,171819.0
adrianne lenker,72.0,1456368.0
adrián berenguer,49.0,120556.0
aerosmith,75.0,16049674.0
aeseaes,44.0,50139.0
aespa,76.0,9769257.0
afronom,52.0,44492.0
aftertheparty,40.0,148074.0
agnes obel,58.0,926281.0
agtha,39.0,5582.0
ahmed saad,61.0,6382603.0
aidan bissett,52.0,188111.0
aimee mann,48.0,265205.0
aj mitchell,50.0,905982.0
ajr,70.0,3667184.0
aki,45.0,754.0
akira2k,30.0,2899.0
akon,81.5,6007512.0
alabama 3,43.0,72674.0
alaina castillo,46.0,173092.0
alan jackson,72.0,3371242.0
alan silvestri,57.0,327300.0
alan walker,78.0,41271918.0
alanis morissette,67.0,3178420.0
alec benjamin,72.0,5577631.0
alek olsen,57.0,136639.0
alessandro alessandroni,41.0,26142.0
alessia cara,72.0,12275134.0
alesso,72.0,4034180.0
aleta,28.0,2055.0
alex & sierra,52.0,1235269.0
alex clare,51.0,502300.0
alex g,74.0,3547184.0
alex serra,50.0,143740.0
alex warren,84.0,2896488.0
alexander 23,52.0,514896.0
alexander merlin,27.0,1978.0
alexander nate,45.0,28641.0
alexandra savior,45.0,316112.0
alexandra stan,60.0,432466.0
alexandre desplat,62.0,344438.0
alexey omelchuk,37.0,12801.0
alexsucks,45.0,35428.0
ali gatie,64.0,2174956.0
alice boman,37.0,47757.0
alice in chains,74.0,6243211.0
alicia keys,78.0,12900561.0
alien ant farm,58.0,1036648.0
alisa okehazama,47.0,19307.0
alison krauss,59.0,419072.0
allie x,51.0,869651.0
allison amber hage,17.666666666666668,69.0
alok,76.0,11247155.0
alt-j,67.0,3424761.0
altan urag,17.0,10611.0
alter bridge,60.0,1234078.0
aly & aj,53.0,696587.0
amaarae,64.0,577324.0
amb1shn,19.0,139.0
amber run,58.0,562813.0
america,70.0,2065190.0
america allen,20.0,696.0
american authors,62.0,1646684.0
aminé,64.0,2022794.0
amy macdonald,63.0,538408.0
amy winehouse,75.0,9748123.0
ana shine,45.0,27570.0
ananya,15.0,1068.0
anaumali,18.0,148.0
andrei krylov,40.0,25945.0
andrew belle,54.0,256468.0
andy grammer,65.0,1334303.0
andy shauf,49.0,198619.0
ane brun,55.0,354566.0
angus & julia stone,64.0,1327111.0
anitta,78.0,13246794.0
anna calvi,39.0,132386.0
anna kendrick,62.0,390914.0
anna marx,34.0,1703.0
anna of the north,61.0,286274.0
annalise azadian,31.0,5701.0
anne-marie,75.0,12848260.0
anohni,44.0,190329.0
anson seabra,59.0,1103242.0
anthem hits platinum,23.0,1636.0
anthony touma,20.0,3260.0
anthony willis,35.0,5351.0
antonin herbeck,27.0,268.0
antony genn,25.0,2951.0
apollo sunshine,26.0,8128.0
aqua,63.0,779228.0
arcade fire,62.0,2397896.0
arcane,76.0,771980.0
arctic monkeys,84.0,32068481.0
arcángel,82.0,17833538.0
aresty.,17.0,4.0
ari abdul,66.0,755880.0
ari pulkkinen,35.0,20991.0
ariana grande,90.0,107418606.0
arizona zervas,59.0,817341.0
arlo parks,53.0,650334.0
armani white,58.0,620939.0
armin van buuren,73.0,4533003.0
artemas,74.0,1378935.0
arya,23.0,1867.0
asaf avidan,58.0,447958.0
asal,59.0,135959.0
ascence,54.0,10450.0
ash7on,7.0,308.0
ashanti,70.0,3561441.0
ashe,69.0,2556993.0
ashlee keating,23.0,2754.0
ashley johnson,44.0,36322.0
ashley tisdale,49.0,1327604.0
ashnikko,71.0,2614697.0
ashris,29.0,2339.0
ashwin gane,47.0,2695.0
astrid s,62.0,1379500.0
atb,62.0,451208.0
athenadme,22.0,178.0
atli örvarsson,41.0,18176.0
atlxs,74.0,483247.0
au/ra,60.0,597593.0
audio dope,31.0,15288.0
audioslave,69.0,5146839.0
audrey evans,4.0,30.0
aurora,72.0,4699258.0
austin wintory,47.333333333333336,55551.0
ava beathard,26.0,7366.0
ava max,77.0,7755194.0
avicii,79.0,23434999.0
avril lavigne,76.0,12010110.0
avu-chan,22.0,855.0
awolnation,60.0,2060915.0
axwell / ingrosso,63.0,2534676.0
axwell /\ ingrosso,63.0,2534676.0
aya nakamura,70.0,5545344.0
ayesha erotica,0.0,127548.0
azealia banks,59.0,1134449.0
azerdk,30.0,1657.0
b.o.b,74.0,2266913.0
babeheaven,41.0,53700.0
baby bash,62.0,1056466.0
baby keem,72.0,3128839.0
baby tate,61.0,618711.0
babybird,39.0,19186.0
backstreet boys,76.0,6711194.0
bad bunny,95.0,102610644.0
bad meets evil,58.0,1858826.0
bad wolves,62.0,891423.0
badbadnotgood,62.0,879067.0
badfinger,49.0,445170.0
bambara,30.0,29328.0
bands<3,0.0,237.0
banks,56.0,1078897.0
banners,62.0,732382.0
banshee,49.0,281826.0
bare up,33.0,6562.0
baroque festival orchestra,55.0,30582.0
basshunter,60.0,544907.0
bastille,72.0,5647181.0
batzorig vaanchig,16.0,21869.0
bazzi,66.0,5506705.0
bbno$,77.5,2730121.0
bea miller,62.0,3072874.0
beabadoobee,78.0,6529086.0
beach bunny,65.0,1856763.0
beach house,72.0,2804746.0
beach weather,65.0,1005606.0
bear mccreary,59.0,241512.0
beatline,20.0,475.0
beau young prince,41.0,21939.0
beauz,58.0,210955.0
bebe rexha,75.6,9839947.0
becky g,74.0,16646605.0
becky hill,68.0,925156.0
bedroom,52.0,316990.0
bee gees,76.0,9347176.0
bella poarch,60.0,1409523.0
ben cocks,47.0,28254.0
ben e. king,65.0,711539.0
benee,62.0,869770.0
beneld,53.0,19064.0
benjamin wallfisch,55.0,34214.0
benji,55.0,3650.0
benniee,16.0,104.0
benny benassi,63.0,608571.0
benny blanco,72.33333333333333,1628440.0
benson boone,83.0,7055537.0
bernard herrmann,49.0,85478.0
besomage,50.0,12555.0
besomorph,58.0,146969.0
bethy,18.0,824.0
betoko,35.0,50222.0
between friends,61.0,325311.0
bexey,46.0,194007.0
beyazz,53.0,185289.0
beyoncé,84.0,41180800.0
beyond the guitar,35.0,24505.0
big & rich,56.0,1257253.0
big boss vette,51.0,126108.0
big jude,8.0,13.0
big red machine,52.0,299845.0
big sean,74.0,11543082.0
big swapp,22.0,32.0
bigxthaplug,79.0,2059774.0
bikini kill,47.0,612260.0
bill brown,41.0,9786.0
bill elm,39.0,3839.0
bill elm & woody jackson,0.0,4947.0
bill withers,71.0,2005746.0
billie eilish,90.0,118797451.0
billie marten,57.0,356342.0
billy currington,65.0,2759283.0
billy idol,71.0,2462227.0
billy joel,78.0,7402824.0
birdy,68.0,3737266.0
bishop briggs,61.0,963894.0
bizarrap,76.0,18192021.0
bj lips,63.0,164335.0
björk,67.33333333333333,2456720.0
bl3ss,66.0,52913.0
bl8m,60.0,183597.0
black box recorder,56.0,164398.0
black eyed peas,81.0,9563308.0
black lips,40.0,166440.0
black m,53.0,1995684.0
black pistol fire,48.0,234627.0
black rebel motorcycle club,51.0,585934.0
black rob,48.0,243907.0
black sabbath,75.0,9781962.0
blackbear,71.0,5067774.0
blackpink,81.0,56178946.0
blackstreet,62.0,997137.0
blake neely,45.0,33375.0
blake shelton,69.0,7507062.0
blasterjaxx,61.0,847354.0
blink-182,75.8,9291705.0
blocboy jb,53.0,1434846.0
blood orange,71.0,1339928.0
bloodhound gang,62.0,1114997.0
blu cantrell,60.0,363740.0
blue foundation,53.0,154658.0
blue man,28.0,3312.0
blue öyster cult,64.0,1717249.0
blur,68.0,3924846.0
blxst,64.0,576932.0
bo burnham,63.0,2078961.0
bo diddley,44.0,333376.0
bob dylan,73.0,7364138.0
bobby shmurda,56.0,1603613.0
bobi andonov,38.0,27646.0
bombvy,13.0,119.0
bon iver,76.0,3942679.0
bon jovi,78.0,15810313.0
bonalt & hadi,15.0,425.0
bone thugs-n-harmony,64.0,3304029.0
bones,71.0,1958141.0
boney m.,69.0,2318871.0
bonnie tyler,68.0,2413522.0
bonzie,29.5,28413.0
booker t. & the m.g.'s,54.0,339450.0
borislav slavov,56.0,55249.0
boston,65.0,3174703.0
boy harsher,52.0,406556.0
boys noize,57.0,312847.0
boyshegz,7.0,3.0
boyz n da hood,40.0,679564.0
brad breeck,41.0,23039.0
brad paisley,64.0,2898444.0
bran,47.0,9575.0
brantley gilbert,63.0,3029394.0
breakfast for joey,23.0,114.0
breaking benjamin,71.0,5155421.0
brent faiyaz,80.0,7897022.0
brett eldredge,56.0,1494124.0
brian eno,60.0,829906.0
brian tyler,56.0,218901.0
bridgit mendler,59.0,1320576.0
briezman,23.0,445.0
bring me the horizon,77.0,6632477.0
britney manson,57.0,461945.0
britney spears,80.625,17773300.0
broken bells,52.0,623266.0
bronski beat,60.0,668137.0
brooke star,10.0,60.0
brooks & dunn,70.0,3338052.0
brothers osborne,58.0,1271823.0
bruce springsteen,76.0,7318208.0
bruklin,40.0,4550.0
bruno chosen,2.0,107.0
bruno mars,89.56896551724138,75513910.0
bryan adams,75.0,4781161.0
bryce fox,48.0,178158.0
bryson tiller,80.0,10566213.0
bts,85.0,81197976.0
buddy miles,35.0,59521.0
bunt.,69.0,293734.0
bury,52.0,21811.0
busta rhymes,70.0,3167026.0
byor,60.0,38969.0
bôa,68.0,1188508.0
børns,65.0,1373229.0
cabuizee,25.0,6886.0
caddy,38.0,966.0
cadmium,47.666666666666664,74067.0
cage the elephant,73.0,4298554.0
cailin russo,49.0,40675.0
cairokee,60.0,4299545.0
cake,61.0,1312426.0
calum scott,73.0,6168229.0
calvin harris,84.0,23079295.0
camila cabello,78.0,35582423.0
camilla sun,6.0,3.0
camilo,78.0,20454854.0
candi staton,55.0,123997.0
capital cities,65.0,996785.0
cardi b,81.0,25960760.0
carl anderson,39.0,9152.0
carl moon,32.0,1321.0
carl orff,50.0,76720.0
carlie hanson,45.0,470367.0
carlos rafael rivera,48.0,20284.0
carlos vives,72.0,6795970.0
carly rae jepsen,70.0,5140332.0
carly simon,61.0,1287167.0
carmen twillie,48.0,14343.0
carnage,47.0,307529.0
caroline polachek,67.0,650534.0
carrie underwood,68.0,6125781.0
cartoon,59.0,258460.0
carwash,44.0,99448.0
carys,47.0,99069.0
cascada,65.0,615439.0
cassanova,15.0,13588.0
cassie,66.0,1898249.0
cassö,64.0,91131.0
casual sex,37.0,9183.0
cat power,53.0,793083.0
catfish and the bottlemen,62.0,1176765.0
cathedrals,32.0,42600.0
catlea,23.0,55684.0
cecilia krull,45.0,74230.0
ceelo green,69.0,721855.0
celeste,63.0,703644.0
central cee,79.0,9676425.0
chad brock,29.0,47234.0
chamillionaire,57.0,1016915.0
chance peña,70.0,578910.0
chance the rapper,74.0,6033166.0
chance thomas,34.0,4430.0
chappell roan,82.0,7310428.0
charles & eddie,52.0,41369.0
charles kelley,39.0,25472.0
charli xcx,82.0,6322030.0
charlie peacock and les chanteuses,5.0,221.0
charlie puth,79.47619047619048,25310805.0
charlie walker,29.0,10863.0
charlotte de witte,60.0,1214137.0
charlotte lawrence,53.0,1178526.0
chase atlantic,79.0,10472219.0
chase matthew,64.0,468383.0
chase rice,56.0,1251973.0
chaël,37.0,6268.0
cheat codes,62.333333333333336,2101848.0
chelan,35.0,11991.0
cheyanne,49.0,19227.0
chicago city,21.0,730.0
childish gambino,78.0,14561716.0
chipz,39.0,22403.0
chloe adams,52.0,198548.0
chloe isabella,10.0,212.0
chlöe,56.0,653844.0
chord overstreet,60.0,425593.0
chris brown,87.0,28338976.0
chris gold,21.0,3925.0
chris grey,72.0,968416.0
chris isaak,68.0,742237.0
chris janson,56.0,438451.0
chris lane,53.0,1045334.0
chris stapleton,81.0,9020741.0
chris wenner,23.0,2055.0
chris young,65.0,2918794.0
christian kennedy,14.0,297.0
christian ray taylor,2.0,10.0
christina aguilera,76.0,9250522.0
christina perri,71.0,4308713.0
christine slagman,28.0,3885.0
christophe beck,54.0,44217.0
christopher drake,34.0,15457.0
christopher lennertz,40.0,24209.0
chromeo,54.0,424793.0
chrystal,70.0,87184.0
chuck berry,63.0,2211249.0
chuck e. myers 'sea',41.0,2314.0
chvrches,60.0,1406762.0
ciara,69.0,7333933.0
cigarettes after sex,83.55555555555556,17380777.0
cinnamon chasers,43.0,47996.0
cj,58.0,277520.0
cj hooper,19.0,267.0
ckay,66.0,1686077.0
clairo,78.0,6606632.0
clamavi de profundis,47.0,115339.0
clams casino,68.0,384793.0
clara la san,69.0,458855.0
clean bandit,74.0,5975530.0
cliff martinez,40.0,64974.0
clint black,58.0,1195876.0
clint mansell,49.0,175372.0
clinton kane,56.0,936467.0
cloud,31.0,10130.0
clouded.,22.0,1009.0
cobra starship,58.0,520711.0
cody johnson,73.0,1943383.0
coi leray,66.0,932488.0
cokasian,27.0,4909.0
coldplay,88.0,60830643.0
cole swindell,64.0,2565642.0
college,46.0,120141.0
collosia,43.0,9488.0
colm r. mcguinness,56.0,169882.0
colt ford,56.0,1156467.0
com truise,54.0,308503.0
commma,8.0,155.0
conan gray,79.0,12430671.0
conki,61.0,26114.0
conway twitty,59.0,1040028.0
coolio,68.0,1887219.0
corbin bleu,46.0,530174.0
cordae,62.0,2109948.0
corena,38.0,1676.0
cour,46.0,6584.0
cowboy,16.0,363.0
craig morgan,56.0,1105909.0
crazy frog,58.0,694334.0
creed,73.0,4303697.0
creedence clearwater revival,77.0,7945600.0
cro,68.0,2784626.0
crouch end festival chorus,37.0,3549.0
crowded house,68.0,1050087.0
crystal castles,69.0,3291477.0
crystal rock,55.0,28232.0
cults,66.0,1255651.0
curawaka,42.0,76718.0
curos,35.0,63897.0
current joys,69.0,1761438.0
cutting crew,62.0,525182.0
cwby,37.0,11588.0
cyn,36.0,100154.0
cyndi lauper,70.0,3279441.0
cynthia erivo,66.0,522714.0
cypress hill,65.0,2379861.0
cécile corbel,47.0,58949.0
cœur de pirate,56.0,510365.0
d'angelo,69.0,1429201.0
d-block europe,72.0,1790426.0
d4vd,79.0,4684957.0
d4wnatello,9.0,127.0
dababy,77.0,12955951.0
daddy yankee,85.0,37817461.0
daft punk,81.0,10874504.0
daigoro789,50.0,38492.0
damien rice,56.0,1136927.0
dan + shay,66.0,3203185.0
dan auerbach,53.0,373287.0
dan romer,49.0,34675.0
dana fuchs,33.0,20236.0
dance fruits music,56.0,557424.0
danheim,54.0,368641.0
daniel caesar,85.0,11137714.0
daniel di angelo,55.0,297153.0
daniel lanois,47.0,79399.0
daniel licht,41.0,16826.0
daniel powter,58.0,323888.0
daniele luppi,41.0,19900.0
danit,55.0,274288.0
danny elfman,66.0,490560.0
darci,60.0,284847.0
dario marianelli,59.0,114864.0
darius rucker,66.0,2774161.0
darkrose,32.0,7211.0
darren korb,54.0,117914.0
dasha,67.0,416933.0
daughter,58.0,1408571.0
daughtry,65.0,2382165.0
dave,79.5,6598184.0
dave matthews band,62.0,2118629.0
dave porter,34.0,20953.0
daveedtheking,5.0,58.0
david arkenstone,47.0,72493.0
david arnold,50.0,42445.0
david arnold & michael price,0.0,5770.0
david ferguson,43.0,16099.0
david garcía díaz,37.0,6444.0
david guetta,87.0,27143729.0
david kushner,70.0,2768544.0
david newman,34.0,7735.0
davvn,36.0,32967.0
daya,69.0,1846218.0
daya blaze,1.8,0.0
dayglow,61.0,1066852.0
ddg,61.0,1618086.0
de la soul,72.0,1169859.0
dean lewis,75.0,4156314.0
death plus,39.0,18370.0
deathbyromy,52.0,160516.0
debarge,55.0,683123.0
declan mckenna,61.0,1082134.0
deep chills,57.0,120185.0
deep inside,19.0,3154.0
deep purple,65.0,5986611.0
deer noir,37.0,825.0
deftones,81.0,7723018.0
dej loaf,63.0,2048212.0
delaney bailey,54.0,292059.0
delinquent habits,53.0,280454.0
demi lovato,77.15384615384616,27289523.0
denez prigent,39.0,30106.0
dennis lucca,20.0,1897.0
denzel curry,69.0,2858495.0
deorro,64.0,1266989.0
depeche mode,73.0,7379623.0
derek & the dominos,57.0,822597.0
dermot kennedy,68.5,1668880.0
desiigner,58.0,3553104.0
destiny's child,69.0,8147523.0
destroy boys,55.0,575297.0
diamond rio,55.0,1031892.0
diamond thug,32.0,12270.0
diana ross,65.0,2204126.0
dianna lopez,36.0,57942.0
dici,25.0,3680.0
dick dale,41.0,137984.0
diddy - dirty money,48.0,129604.0
dido,72.5,2154167.0
diego mitre,56.0,28150.0
dierks bentley,65.0,3316476.0
diplo,77.0,2813710.0
dire straits,77.0,8849792.0
disclosure,73.33333333333333,2343253.0
disco lines,75.0,275333.0
disturbed,74.0,7649250.0
dj fresh,54.0,273600.0
dj gotta,48.0,43886.0
dj japa nk,75.0,282947.0
dj khaled,73.0,12344886.0
dj khamel,8.0,10.0
dj pegamento,21.0,1044.0
dj snake,77.0,9281733.0
dj tec,47.0,13726.0
djo,73.0,2322081.0
djsm,60.0,63155.0
dmitri shostakovich,60.0,531897.0
dmx,69.0,5928117.0
dna,54.0,10819.0
dnce,66.0,4592408.0
dnmo,51.0,63363.0
doc watson,46.0,127294.0
doechii,76.0,3229233.0
doja cat,86.0,34748949.0
dolly parton,70.0,2970776.0
dominic fike,74.25,2223332.0
don diablo,64.0,1844627.0
don toliver,85.0,7473754.0
donna missal,36.0,103077.0
dorothy,53.0,411540.0
dove cameron,70.0,5531839.0
dr. dog,62.0,646601.0
dr. dre,78.0,15098281.0
drake,95.0,103126025.0
dram,57.0,885355.0
dream chaos,49.0,14451.0
dream wife,25.0,72476.0
dreamsoda,59.0,100865.0
dreamville,61.0,821037.0
dreamy,10.0,2778.0
drenchill,51.0,34822.0
dresage,30.0,9991.0
drew holcomb & the neighbors,52.0,178379.0
dreycee,12.0,402.0
dreyma,37.0,5996.0
dua lipa,85.0,46895665.0
dua saleh,41.0,114709.0
duke dumont,66.0,795653.0
duncan laurence,63.0,728004.0
duran duran,72.0,3579741.0
dutch melrose,64.0,318012.0
dvbbs,56.0,1057994.0
dvny,40.0,949.0
dwight yoakam,59.0,779731.0
dxvn.,40.0,51095.0
dybbukk,59.0,106672.0
dylan tha only child,3.0,24.0
dynoro,62.0,315473.0
eagles,75.0,12152190.0
eazy-e,63.0,7081511.0
echosmith,55.0,606152.0
ed sheeran,88.0,122802777.0
ed sheeran & justin bieber,49.0,13561.0
edd stark,28.0,405.0
eddie van der meer,38.0,104797.0
edward maya,66.0,343114.0
egzod,62.0,225797.0
einar selvik,42.0,99070.0
eiza murphy,20.0,4162.0
el michels affair,51.0,218092.0
el waili,53.0,554173.0
electra,10.0,187.0
elephant revival,40.0,113945.0
eli,32.0,29207.0
eli young band,58.0,888564.0
elih,29.0,5445.0
elita,51.0,336779.0
eliza rose,55.0,73138.0
ella mai,69.0,6192505.0
elle king,63.0,670530.0
elley duhé,70.0,671778.0
ellie goulding,78.0,13212719.0
elliot,20.0,4873.0
elliot james reay,57.0,302715.0
elliot sutton,57.0,22061.0
elliott smith,64.0,1348123.0
ellise,52.0,1677266.0
elton john,80.0,15545907.0
elvis drew,55.0,68465.0
ely oaks,72.0,190171.0
em beihold,67.0,676095.0
emancipator,52.0,409620.0
emil rottmayer,40.0,28312.0
emilio,42.333333333333336,135139.0
emily osment,41.0,764468.0
emilíana torrini,48.0,219086.0
eminem,88.0,104584370.0
emm nascimento,2.0,42.0
emma louise,53.0,88544.0
emma thompson,47.0,8182.0
emmy,49.0,45041.0
empire of the sun,77.0,2012791.0
enigma,63.0,1093832.0
ennio morricone,65.0,1324548.0
enrique iglesias,77.0,11935198.0
entheogenic,27.0,63294.0
enya,72.0,2585958.0
eric b. & rakim,51.0,732410.0
eric church,71.0,4141160.0
eric heitmann,37.0,15732.0
eric mckenna,24.0,2299.0
ericovich,41.0,11036.0
esdeekid,74.0,253650.0
eslabon armado,75.0,6442976.0
estelle,65.0,386136.0
eternxlkz,66.0,613747.0
ethel cain,68.0,1111140.0
europe,63.0,1976138.0
eurythmics,68.0,2333723.0
evan call,58.0,78550.0
evan rachel wood,55.0,45117.0
evanescence,75.0,6165678.0
everything but the girl,60.0,432768.0
ex habit,59.0,130505.0
extraaavibe,9.0,647.0
extreme,61.0,704275.0
eyedress,69.0,2740985.0
f(x),52.0,1330307.0
fabiano abaixo assinado,4.0,22.0
fabolous,64.5,2758038.0
faith hill,60.0,1956457.0
fall out boy,77.0,11416476.0
fameboy bl,14.0,192.0
famy,50.0,60303.0
far east movement,64.0,1105453.0
farizki,49.0,94262.0
farruko,82.0,17042139.0
faruk orman,42.0,3070.0
fat joe,66.0,2135253.0
favored nations,40.0,25569.0
faye webster,71.0,2166403.0
feid,86.0,18885687.0
felax,32.0,28526.0
fergie,68.0,6157207.0
fetty wap,70.0,5124577.0
fever ray,49.0,491518.0
fidlar,46.0,338978.0
fifth harmony,69.0,16221646.0
fifty fifty,63.0,1990839.0
finn,33.0,25563.0
finneas,69.0,2356803.0
fiona apple,62.54545454545455,1800820.0
fitz and the tantrums,65.0,1009778.0
fivio foreign,61.0,1472981.0
fixl,46.0,3963.0
fka twigs,63.5,1442113.0
fleetwood mac,83.0,13973668.0
fleurie,59.0,304570.0
flight,37.0,103691.0
flo milli,67.0,1567636.0
flo rida,79.0,8973505.0
floats,7.0,404.0
flora cash,56.0,346992.0
florence + the machine,77.0,7228235.0
florida georgia line,70.0,5589342.0
flower face,49.0,171981.0
floyymenor,76.0,2186739.0
flume,68.0,2508551.0
foo fighters,75.0,12955017.0
foreigner,72.0,3832095.0
forest blakk,62.0,261055.0
forrest finn,0.0,70.0
forrest frank,77.0,2268298.0
foster the people,70.0,4025972.0
fourtwnty,68.0,3646136.0
foxilitus,40.0,15524.0
framed,42.0,84255.0
franco micalizzi,38.0,12527.0
frank ocean,83.5,20293960.0
frank walker,50.0,114271.0
frankie ballard,45.0,352409.0
frankie muriel,38.0,805.0
frankie rose,23.0,35207.0
fransii,21.0,488.0
franz ferdinand,68.0,2991445.0
fraser stott,13.0,119.0
fred again..,77.0,2201446.0
fred neil,37.0,40485.0
frederik wiedmann,33.0,6483.0
french 79,55.0,257992.0
french montana,73.0,5838449.0
french the kid,53.0,203154.0
freya ridings,59.0,494479.0
friedrich habetler,49.0,94208.0
friends & praise,5.0,37.0
frou frou,62.0,343386.0
frumhere,27.0,25022.0
fuerza regida,89.0,19797218.0
fugees,65.0,1660600.0
fujii kaze,74.0,4571036.0
fun.,66.0,3051567.0
fuse odg,59.0,150256.0
future,88.0,22688560.0
g herbo,69.0,2482067.0
g-eazy,74.0,6295804.0
g-epic,22.0,64.0
g-unit,61.0,2723614.0
gabry ponte,72.0,715424.0
galantis,68.0,3469806.0
gammer,47.0,67573.0
gang of youths,53.0,418614.0
gang starr,62.0,1081830.0
gareth coker,52.0,59849.0
gary o'slide,30.0,5450.0
gavin adcock,71.0,476523.0
gavin degraw,58.0,1257429.0
gayle,58.0,668804.0
geek music,60.0,310339.0
gen.kloud,46.0,17374.0
geneburn,36.0,33709.0
genesis,69.0,3738987.0
genevieve stokes,49.0,135787.0
geoff knorr,38.0,6381.0
geoff zanelli,44.666666666666664,20671.0
george ezra,68.0,4312223.0
george michael,72.0,5657083.0
george strait,72.0,5161216.0
gerry rafferty,62.0,453708.0
gesaffelstein,70.0,1264476.0
ghost,73.0,3771062.0
ghostemane,56.0,3698335.0
gigi,13.0,5.0
gigi perez,75.0,1646269.0
gin wigmore,47.0,198507.0
gina luciani,17.0,2206.0
ginaxc,18.0,232.0
ginuwine,64.0,2811233.0
gio mkl,38.0,33312.0
gioachino rossini,53.0,251044.0
girl in red,73.0,8771418.0
girls aloud,51.0,541698.0
girls' generation,62.0,2833512.0
givēon,78.0,5207169.0
glass animals,73.0,4568917.0
glasser,21.0,52027.0
glitter party,38.0,11431.0
global stage orchestra,19.0,4036.0
gloria kim,40.0,7972.0
gnarls barkley,65.0,603323.0
gnash,58.0,1588874.0
good neighbours,66.0,218657.0
gorillaz,82.0,14505359.0
gotye,68.0,2257047.0
govan,34.0,1434.0
gracie abrams,82.0,7430490.0
grady,40.0,44820.0
grailz beni,40.0,10811.0
grandson,63.0,1229419.0
grateful dead,64.0,2036799.0
green day,80.0,17333748.0
greg edmonson,37.0,9476.0
greta van fleet,63.0,2763868.0
grimes,67.0,2626020.0
grinderman,38.0,133984.0
grlwood,48.0,516428.0
groove crackers,47.0,6622.0
grouplove,60.0,1255113.0
grupo frontera,83.0,7470903.0
gryffin,66.0,1010217.0
gucci mane,76.0,5987438.0
gulmee,36.0,992.0
gunna,85.0,10353625.0
guns n' roses,80.0,35214496.0
gustavo santaolalla,63.0,394922.0
gustixa,58.0,219293.0
guy gerber,43.0,115851.0
gwen stefani,73.0,7069432.0
gwendolyn sanford,4.0,480.0
gym class heroes,67.0,1672769.0
gymbro,50.0,32968.0
haddaway,66.0,478049.0
haifa wehbe,51.0,1151605.0
hailee steinfeld,66.0,8862787.0
haim,65.0,1436323.0
haley heynderickx,53.0,319831.0
haley reinhart,59.0,369917.0
halloween all-stars,33.0,6103.0
halsey,80.0,22397897.0
handsome poets,26.0,20377.0
hank levy,39.0,8803.0
hank williams,55.0,1067339.0
hannah harlacher,20.0,218.0
hanno,45.0,2752.0
hans zimmer,77.0,4782404.0
hanumankind,66.0,876436.0
happening now,23.0,175.0
harmless,54.0,195974.0
harold faltermeyer,53.0,61279.0
harry gregson-williams,55.833333333333336,153209.0
harry styles,80.0,34139515.0
hayley kiyoko,54.0,1643656.0
health,57.0,321245.0
heart,67.0,3005585.0
heitor pereira,42.0,25577.0
helena deland,41.5,61404.0
hellyeah,49.0,764106.0
henry jackman,53.0,92288.0
henry mancini,55.0,255079.0
henry smith,62.0,28421.0
henry verus,45.0,77523.0
hey violet,48.0,1060491.0
hideki taniuchi,50.0,32194.0
hiko,56.0,139354.0
hilary duff,55.0,2354296.0
hildur guðnadóttir,46.0,153065.0
hinder,61.0,2078962.0
hippie sabotage,65.0,1071057.0
hiroaki tsutsumi,49.0,28688.0
hixtape,56.0,115659.0
hole,61.0,1441132.0
hollywood undead,65.0,2499251.0
homeboy delmar,13.0,22.0
honey gentry,34.0,35406.0
honors,36.0,41817.0
hoobastank,66.0,2742164.0
hoodie forester,24.0,531.0
hot chelle rae,51.0,558316.0
hotel ugly,71.0,1073601.0
houston,42.0,35335.0
howard shore,66.0,499153.0
hozier,82.0,9114093.0
hrvy,54.0,1683603.0
hucci,41.0,78161.0
hudson westbrook,71.0,344824.0
huevos rancheros,4.0,1816.0
huey lewis & the news,62.0,1745641.0
hugel,77.0,662191.0
huncho jack,54.0,1200041.0
hunter hayes,53.0,1214595.0
huntr/x,87.0,3568209.0
hurricane on saturn,39.0,4952.0
hus,44.0,61487.0
huts,48.0,120148.0
hxnry,37.0,19984.0
hyper kenzo,46.0,11490.0
hypermorph,43.0,5109.0
hyuna,46.0,2228312.0
i dont know how but they found me,57.0,1105908.0
i hear sirens,30.0,19724.0
i'll take you there choir,52.0,8928.0
i.u,11.0,753.0
iaco,47.0,4124.0
iamjakehill,59.0,638664.0
iammag,15.0,122.0
iamnotshane,44.0,152591.0
ian asher,70.0,223449.0
ian size,32.0,1844.0
ic3peak,55.0,1417494.0
ice cube,72.0,11064671.0
ice spice,69.0,4787436.0
icon for hire,47.0,357081.0
icona pop,66.0,778972.0
idina menzel,68.0,570812.0
idles,57.0,837346.0
idreesi,27.0,20920.0
iggy azalea,67.0,6619312.0
iggy pop,64.0,1785619.0
ilan eshkeri,48.0,30694.0
illit,74.0,3756729.0
iluro,41.285714285714285,8658.0
imagine dragons,85.0,58375520.0
imanbek,66.0,277287.0
imogen heap,75.0,1125738.0
imxgine,47.0,25511.0
incubus,69.0,3641378.0
india thieriot,24.0,2803.0
indiehay,0.0,2301.0
indigo girls,51.0,391604.0
indila,69.0,2547411.0
inner circle,62.0,497497.0
inon zur,46.0,48484.0
intellios,17.0,1310.0
internet money,64.5,1035863.0
irma thomas,47.0,124272.0
isaac chambers,46.0,70176.0
isabel larosa,71.0,2571784.0
itzhak perlman,62.0,174783.0
iv tune,11.0,54.0
iyaz,65.0,1156272.0
iza,60.0,4754990.0
iñigo quintero,64.0,591695.0
j 2 5,7.0,34.0
j balvin,86.0,39113380.0
j. baez,7.0,60.0
j. cole,82.0,27077429.0
j.i.bri,16.0,2177.0
ja rule,69.0,2152404.0
jack harlow,75.0,4350533.0
jack johnson,73.0,4044863.0
jack ü,59.0,1081127.0
jackboys,62.0,1315942.0
jacob storey,32.0,3246.0
jacob tillberg,39.0,53247.0
jadakiss,62.0,1264189.0
jade,65.0,299896.0
jaden,63.0,1943863.0
jain,58.0,984041.0
james arthur,79.0,20854863.0
james bay,67.0,4106573.0
james blake,69.0,1551541.0
james blunt,70.0,3298298.0
james horner,63.0,350707.0
james hype,69.0,494854.0
james morrison,62.0,1561325.0
james newton howard,62.0,412983.0
james otto,43.0,104190.0
james tw,58.0,1368895.0
jamie christopherson,28.0,11135.0
jamie lidell,40.0,84615.0
jamie salisbury aka jonas west,12.0,190.0
jan2k1,28.0,2843.0
jana diab,50.0,17560.0
janet jackson,66.0,4095156.0
jann,50.0,211032.0
jared moreno luna,31.0,5704.0
jas von,39.0,9729.0
jason aldean,74.56521739130434,7054208.0
jason charles miller,43.0,17999.0
jason derulo,76.0,12460874.0
jason graves,33.0,14768.0
jason hayes,47.0,14091.0
jason mraz,71.0,7312594.0
jawsh 685,55.0,146015.0
jax jones,68.0,1255871.0
jay bird,31.0,6636.0
jay rock,69.0,1632880.0
jay sean,66.0,2051659.0
jay-z,82.0,10380063.0
jaymes young,64.0,1041835.0
jd & the straight chasers,49.0,1874.0
jeff beal,39.0,17317.0
jeff buckley,72.0,2288846.0
jeff russo,42.0,35140.0
jeff van dyck,39.0,9735.0
jefferson airplane,56.0,1741839.0
jela,44.0,1499.0
jelly roll,79.0,6099725.0
jennie,81.0,12337033.0
jennifer lopez,74.0,13711146.0
jenny o.,25.0,14911.0
jeremiah sand,2.0,1272.0
jeremias,59.0,246162.0
jeremih,73.0,7221524.0
jeremy soule,64.71428571428571,189207.0
jeremy zucker,65.0,2359204.0
jeremy zuckerman,43.25,23565.0
jerry goldsmith,50.0,107489.0
jesper kyd,55.0,132037.0
jess glynne,73.0,3164627.0
jesse harlin,23.0,1974.0
jesse hopkins,27.0,3432.0
jesse®,43.0,301532.0
jessica baran-surel,36.0,11260.0
jessica mazin,25.0,20509.0
jessica pratt,54.0,170169.0
jessie j,71.0,12192383.0
jessie murph,76.0,1626341.0
jet,62.0,722985.0
jhené aiko,75.0,9617522.0
jiggy tone,8.0,2057.0
jim bonney,13.0,350.0
jim sturgess,38.0,22421.0
jimi hendrix,66.0,7367979.0
jimilian,45.0,71773.0
jimin,79.0,10844512.0
jimmy eat world,66.0,1798607.0
jin,80.0,9703374.0
jisoo,73.0,7282227.0
jls,49.0,512713.0
jnl,9.0,439.0
jnr choi,46.0,77400.0
jo dee messina,56.5,849521.0
joan as police woman,38.0,97548.0
joan jett & the blackhearts,62.0,1114209.0
joe anderson,33.0,6528.0
joe cocker,62.0,2599494.0
joe diffie,57.0,911314.0
joe henson,17.0,363.0
joe hermes,23.0,1518.0
joe hisaishi,68.0,1487314.0
joe nichols,57.0,862404.0
joegarratt,31.0,2956.0
joel adams,44.0,211125.0
joel corelitz,34.0,4722.0
joel corry,66.0,470451.0
joel mcneely,33.0,9222.0
joel p west,31.0,7832.0
joey bada$$,70.0,3817987.0
johan söderqvist,48.0,24951.0
john + jane q. public,54.0,57270.0
john brandt,8.0,39.0
john carpenter,57.0,158739.0
john debney,50.0,37513.0
john hartford,37.0,49720.0
john legend,73.0,8072466.0
john michael montgomery,59.25,1199052.0
john newman,68.0,821195.0
john paesano,47.0,52337.0
john powell,63.44444444444444,301384.0
john travolta,64.0,220761.0
john williams,70.0754716981132,1605820.0
johnning,51.0,43226.0
johnny cash,73.0,6905347.0
johnny goth,43.0,134059.0
johnny hollow,29.0,32152.0
johnny rain,35.0,84044.0
johnny thunders,31.0,101770.0
joji,80.88235294117646,10645550.0
jon brion,48.0,66700.0
jon langston,47.0,374677.0
jon pardi,73.0,2339392.0
jonas blue,72.0,3877733.0
jonas brothers,75.0,7761878.0
jonas kvarnström,41.0,20833.0
jonas lefvert,20.0,2543.0
jonasu,44.0,21223.0
jonna jinton,38.0,71238.0
jony,67.0,2053792.0
jordan adetunji,61.0,340128.0
jordan davis,71.0,1615711.0
jordan parker,34.0,2657.0
jordan seigel,39.0,5470.0
jordana bryant,38.0,60659.0
joris de man,39.0,9582.0
josh abbott band,50.0,264691.0
josh homme,36.0,57702.0
josh turner,64.0,2716219.0
josé gonzález,63.0,1230155.0
journey,73.0,6510494.0
joy again,58.0,472580.0
joywave,53.0,321085.0
jp cooper,63.0,942544.0
jp saxe,61.0,627551.0
jubël,58.0,97875.0
juice wrld,85.0,42565036.0
juju,56.0,596698.0
julia michaels,69.0,5292876.0
julie doiron,59.0,127417.0
juma44,2.0,644.0
jung kook,79.0,18620976.0
jungle,69.0,1744522.0
just kids,40.0,16520.0
justice,66.0,1400890.0
justin bieber,91.0,85050158.0
justin hurwitz,60.0,196577.0
justin timberlake,81.5,15830822.0
justine skye,61.0,956325.0
jutes,61.0,288264.0
jvke,75.0,5812926.0
jvla,48.0,108906.0
jw velly,46.0,28773.0
jóhann jóhannsson,60.0,313622.0
k!llx,45.0,1896.0
k'naan,61.0,305384.0
k.flay,60.333333333333336,645009.0
k3yn0t3,47.0,1987.0
kae,50.0,25025.0
kailee morgue,46.0,409356.0
kaleo,70.0,2044434.0
kali uchis,83.0,9475754.0
kane brown,71.0,5778418.0
kansas,65.0,1935571.0
kanye west,89.0,31059657.0
kaptain swizzy,13.0,290.0
karin dreijer andersson,0.0,2285.0
karol g,87.0,60395783.0
kat dahlia,48.0,327550.0
kate anstey,10.0,34.0
kate bush,70.0,2516750.0
kate nash,48.0,441127.0
kate rusby,38.0,62663.0
katseye,82.33333333333333,5285995.0
katy perry,83.0,38409786.0
kavinsky,60.0,1035527.0
kayote,49.0,19306.0
keane,73.0,3922290.0
kehlani,78.0,8667215.0
keira knightley,43.0,77758.0
keith urban,67.0,5273567.0
keke palmer,49.0,732101.0
kelly clarkson,72.0,10961941.0
kelly rowland,68.0,3726318.0
kelsea ballerini,66.0,1337454.0
kelsey lu,40.0,149035.0
kelsey olivia,15.0,3150.0
ken,50.0,7219.0
kendra erika,25.0,8363.0
kendrick lamar,89.0,44606446.0
kenia os,70.0,6640767.0
kenny chesney,69.0,4887584.0
kenya grace,61.0,578827.0
kenzo cregan,27.0,3666.0
kesha,78.0,9160918.0
kev-y,12.0,6.0
kevin gates,74.0,6808651.0
kevin kiner,45.333333333333336,41379.0
kevin kiner; gustavo santaolalla,19.0,868.0
kevin macleod,51.0,345078.0
kevin penkin,52.0,84929.0
kevin sherwood,57.0,56368.0
key glock,73.0,2398201.0
khalid,82.0,16946293.0
khantrast,62.0,394628.0
khari!,19.0,1413.0
khruangbin,69.0,2185005.0
kid cudi,78.5,7688970.0
kid ink,67.0,2967234.0
kid rock,65.0,2994436.0
kiiara,58.0,934794.0
kiki rockwell,50.0,136853.0
kikomori,18.0,1450.0
killstation,52.0,575509.0
kim petras,69.5,1192996.0
kina,61.0,898530.0
kindness,33.0,85324.0
king crimson,55.0,1308429.0
king gizzard & the lizard wizard,34.0,1320025.0
king kxmi,8.0,2482.0
king von,74.0,7938689.0
kings of leon,76.0,5757305.0
kinneret,52.0,112003.0
kirkiimad,29.0,60814.0
kiss,72.0,11003838.0
kivimetsän druidi,12.0,12884.0
klaas,62.0,141180.0
klangkarussell,61.0,444144.0
klaus badelt,62.0,143444.0
kleenex,26.0,26604.0
kløn,32.0,4723.0
kobzx2z,61.0,46395.0
kodak black,79.0,12478974.0
kodaline,65.66666666666667,3183968.0
kohei tanaka,40.0,21585.0
koji kondo,47.0,61813.0
kolbein,28.0,631.0
konet,25.0,569.0
kool & the gang,67.0,2812855.0
korn,75.42857142857143,9702725.0
kotaro nakagawa,33.0,6112.0
kremor,31.0,1176.0
kris allen,37.0,161597.0
kris james,35.0,1803.0
kris kross,49.0,557315.0
kristofer maddigan,46.0,51692.0
kroma,54.0,11283.0
krs-one,51.0,732543.0
ksi,57.0,2759302.0
kujah,32.0,5553.0
kungs,66.0,982462.0
kupla,52.0,103849.0
kxllswxtch,60.0,342581.0
kxng leó,1.0,177.0
kyanu,56.0,22633.0
kygo,76.0,8670063.0
kyle,58.0,1119800.0
kyle dixon & michael stein,54.0,136230.0
kyu sakamoto,39.0,39528.0
kyuss,49.0,534917.0
l. charlemagne,2.0,33.0
l3na,17.0,134.0
la bouche,65.0,390130.0
la roux,60.0,668219.0
labrinth,73.0,3635756.0
labyrinth ear,43.0,65561.0
laci kay somers,28.0,7683.0
lady a,66.0,3720791.0
lady gaga,88.28169014084507,42298315.0
lafawndah,16.0,21333.0
lafferty,18.0,181.0
lagosta,48.0,41420.0
laime,36.0,31236.0
lainey wilson,73.0,1538992.0
lali banks,15.0,39.0
lana del rey,88.0,51847587.0
landon cube,53.0,395259.0
larry june,65.0,559539.0
last call,49.0,2100.0
latto,75.0,2338401.0
laufey,82.0,8495493.0
laura karpman,34.0,7557.0
laura marling,52.0,534815.0
laurel,53.0,126719.0
lauren daigle,67.0,3134316.0
lauren o'connell,40.0,23482.0
lauren spencer smith,68.0,1764567.0
lauv,73.0,6816695.0
lay bankz,63.0,721666.0
lazerhawk,37.0,124893.0
le castle vania,51.0,126704.0
le sserafim,78.0,7960904.0
le tigre,61.0,542758.0
league minimum,40.0,507.0
league of legends,76.0,2100243.0
led zeppelin,76.0,15974926.0
lee an,16.0,259.0
lee ann womack,53.0,811009.0
leidan,24.0,545.0
lele pons,56.0,1734183.0
lena&linus,39.0,32105.0
leon alex,37.0,11476.0
leon thomas,74.0,735818.0
leona lewis,65.0,3786304.0
leonard cohen,63.0,3702045.0
leonard slatkin,42.0,7573.0
lerocque,23.0,13839.0
lewis capaldi,79.0,14045780.0
lexdez,14.0,486.0
lexie stevenson,34.0,103.0
lia morena,3.0,2.0
liam payne,62.0,10241850.0
libby ember,19.0,181.0
libianca,61.0,573709.0
lifehouse,63.0,2146238.0
lil baby,84.0,21662596.0
lil dicky,59.0,2046209.0
lil durk,78.0,9504357.0
lil god dan,50.0,112613.0
lil jon & the east side boyz,63.0,1130026.0
lil lano,42.0,265664.0
lil mosey,64.0,5982826.0
lil nas x,71.0,12310527.0
lil peep,82.0,15702014.0
lil pump,61.0,7569701.0
lil q,33.0,321.0
lil skies,64.0,5287479.0
lil tay,22.0,26987.0
lil tecca,79.0,10172903.0
lil tjay,74.0,10192579.0
lil uzi vert,82.0,19260805.0
lil wayne,86.0,17938214.0
lil yachty,75.0,10907844.0
lila holler,17.0,1068.0
lila wilde,13.0,687.0
lilly wood and the prick,62.0,264457.0
lilster,45.0,16330.0
lily allen,73.0,2223643.0
limi,59.0,105439.0
limp bizkit,78.0,8166087.0
lindsey fish,23.0,3629.0
link wray,45.0,131000.0
linkin park,88.0,31819030.0
lisa,75.0,13273537.0
lisa o'neill,40.0,51609.0
lithe,69.0,513404.0
little big town,60.0,2881528.0
little mix,71.0,12326751.0
lizot,60.0,110333.0
lizzo,68.0,5739313.0
lizzy mcalpine,74.0,1544658.0
lmfao,66.0,4431588.0
lmnt 115,35.0,5813.0
lo la,2.0,630.0
lofi fruits music,65.0,967494.0
logic,71.0,6141719.0
lola blanc,47.0,163172.0
lola young,77.0,1462626.0
london music works,50.0,85930.0
london symphony orchestra,73.0,350662.0
lonely god,51.0,137609.0
lonelyeve,53.0,27085.0
lonestar,57.0,1482069.0
lord huron,76.0,2166950.0
lorde,80.0,10541250.0
loreen,65.0,1194065.0
loreena mckennitt,52.0,564181.0
lorne balfe,56.0,96043.0
los lobos,57.0,197592.0
los lobos featuring arturo sandoval,18.0,437.0
lost frequencies,75.0,3098824.0
lotte kestner,39.0,43554.0
lou bega,59.0,177919.0
loud luxury,63.0,691772.0
louis tomlinson,64.0,7077085.0
love,44.0,271107.0
lovemyvictims,35.0,1329.0
lp,65.0,2833139.0
lucas mazotti,3.0,3.0
lucasta,32.0,637.0
lucidbeatz,62.0,249306.0
luck,29.0,11860.0
lucky daye,62.0,881780.0
ludacris,76.0,3429213.0
ludwig göransson,64.0,425177.0
ludwig van beethoven,71.0,5716963.0
luis bacalov,44.0,36891.0
luis fonsi,73.0,10982585.0
lukas graham,69.0,2948318.0
luke bryan,74.0,9408174.0
luke combs,83.0,13402920.0
luke dean,60.0,27567.0
lum!x,63.0,224352.0
lupe fiasco,66.0,1984424.0
luude,61.0,169709.0
lv,0.0,555.0
lxngvx,67.0,616853.0
lykke li,67.0,1948451.0
lynyrd skynyrd,72.0,5883727.0
lyrical reign,8.0,34.0
m.i.a.,66.0,1475425.0
mabel,61.666666666666664,2041575.0
mac demarco,79.0,7996784.0
mac miller,81.0,12177441.0
macklemore,74.0,2829534.0
macklemore & ryan lewis,66.33333333333333,2671075.0
madi rindge,23.0,3112.0
madism,55.0,31871.0
madison beer,74.13333333333334,8508071.0
madison ryan,0.0,539.0
madonna,78.0,8794984.0
madreblu,19.0,2841.0
mae stephens,56.0,192529.0
magdalena bay,68.0,554509.0
maggie andrew,20.0,2448.0
maggie lindemann,62.0,2046864.0
magic wands,38.0,20220.0
magic!,66.0,1610608.0
mahrex,9.0,127.0
maithili raelle,19.0,2633.0
majestic,61.0,99150.0
major lazer,73.0,6302021.0
makaveli,55.0,3474128.0
malukah,47.0,111168.0
maluma,83.0,38568546.0
manchester orchestra,60.0,638973.0
mandrazo,48.0,10272.0
mansionz,44.0,326356.0
manu chao,70.0,1990666.0
manu pilas,51.0,58351.0
manuel turizo,81.0,15711025.0
many voices speak,28.0,13129.0
mara,8.0,12.0
marble fade,0.0,335.0
marc streitenfeld,47.0,29929.0
marchy,37.0,794.0
marcin przybyłowicz,56.0,90200.0
marco beltrami,43.0,52623.0
marco lume,24.0,246.0
marcos neiva,7.0,1022.0
mare,50.0,3963.0
maren morris,67.0,888857.0
mareux,62.0,585032.0
mariah carey,79.0,11913071.0
mariah the scientist,73.0,1180085.0
maribou state,65.0,487869.0
marilyn manson,71.0,4972305.0
marina,72.0,6115364.0
mario,68.0,3993013.0
marion mcpherson,0.0,31.0
mark ambor,66.0,685131.0
mark chesnutt,55.0,846642.0
mark gutierrez,12.0,1090.0
mark ii,25.0,722.0
mark mancina,52.0,24036.0
mark morrison,62.0,149943.0
mark mothersbaugh,46.0,41178.0
mark ronson,74.0,1294408.0
maroon 5,85.0,45777722.0
marshmello,80.0,34481381.0
marstereon,51.0,2385.0
martin garrix,74.0,15121684.0
martin o'donnell,56.0,106730.0
marty robbins,60.666666666666664,626733.0
marvin gaye,72.0,5977021.0
marvin winans,47.0,168546.0
marwan moussa,61.0,2652612.0
masaru yokoyama,47.0,33090.0
masego,68.0,1578811.0
mashrou' leila,45.0,376028.0
masked wolf,59.0,787903.0
matchbox twenty,67.0,2688999.0
matt and kim,45.0,391213.0
matt goss,16.0,9639.0
matt maeson,64.0,540669.0
matthew ifield,53.0,212334.0
mauricio maia,4.0,276.0
mavzy grx,45.0,9382.0
max dean,59.0,45843.0
max mcnown,72.0,694838.0
maya hawke,46.0,532995.0
maya kuriel,19.0,9683.0
mazdem,41.0,49348.0
mazie,50.0,227929.0
mazzy star,71.0,1827886.0
mblue,38.0,6157.0
mc hammer,55.0,764443.0
mc slug,3.0,4.0
mckyyy,59.0,104940.0
meaghan smith,24.0,9718.0
medasin,53.0,146812.0
meduza,70.0,965027.0
medz,37.0,6199.0
meek mill,72.0,8277770.0
meg myers,48.0,264519.0
megan moroney,73.0,1163610.0
megan thee stallion,76.0,10895519.0
meghan trainor,73.6,15744271.0
mehmet tekinol,0.0,469.0
mehro,56.0,409725.0
meka,20.0,2114.0
melanie martinez,75.0,22220366.0
melodream,39.0,1586.0
men i trust,69.0,2325598.0
meric again,43.0,5251.0
metaboy,48.0,2631.0
metallica,81.25,32177831.0
method man,65.0,2358187.0
metr,29.0,5195.0
metric,61.0,919870.0
metro boomin,84.0,11687489.0
metro exodus,33.0,13677.0
mgk,78.0,5643959.0
mgmt,73.0,3572246.0
mica levi,30.0,49104.0
michael abels,35.0,12855.0
michael bublé,73.0,6893994.0
michael cera,49.0,247537.0
michael giacchino,63.1578947368421,430400.0
michael hunter,42.0,44133.0
michael jackson,84.33333333333333,37462708.0
michael kamen,45.0,35324.0
michael marcagi,64.0,274140.0
michael salvatori,57.0,45813.0
michael schulte,59.0,345962.0
michelle branch,57.0,689453.0
michiru yamane,28.0,16641.0
mick harvey,35.0,35417.0
midnight berlin,42.0,4171.0
migos,74.0,14641094.0
miguel,78.0,6132588.0
mike oldfield,57.0,679831.0
mike posner,67.44444444444444,1526336.0
mike shinoda,54.0,604003.0
mike will made-it,63.0,1655889.0
mikolai stroinski,52.0,24104.0
miksu / macloud,62.0,185287.0
mild high club,55.0,608024.0
miley cyrus,81.0,26568626.0
millo,5.0,429.0
millows,41.0,2489.0
mimi webb,57.0,388088.0
mindless self indulgence,70.0,1617182.0
mint condition,52.0,852150.0
minzie,46.0,7240.0
mirah,36.0,61215.0
miranda lambert,66.0,3708746.0
misfit milli,22.0,90.0
mishaal tamer,58.0,192887.0
miss li,54.0,347877.0
misternez,18.0,200.0
mitski,78.14285714285714,11039895.0
mk,69.0,354095.0
mkto,62.0,1101988.0
mobb deep,69.0,2415439.0
moby,68.0,2067349.0
moderat,54.0,763143.0
modest mouse,62.0,1572658.0
molchat doma,61.0,1581975.0
moliy,73.0,197500.0
montell fish,72.0,2133043.0
montgomery gentry,54.0,1524123.0
monty cotton,24.0,2089.0
monyq,4.0,41.0
moow,39.0,58190.0
morgan wallen,88.0,14005617.0
morphine,49.0,400628.0
mos def,64.0,1631498.0
mother mother,69.0,4494756.0
mothica,50.0,319377.0
motörhead,63.0,4480295.0
movie sounds,4.0,98.0
movie sounds unlimited,36.0,64675.0
mr. probz,64.0,355026.0
mr.kitty,61.4,837453.0
mrs.tissue,14.0,607.0
ms krazie,45.0,213395.0
ms. lauryn hill,71.0,3479555.0
mumford & sons,73.0,6613930.0
mumiy troll,46.0,330981.0
mumm-ra,32.0,25448.0
munboi,24.0,818.0
muni long,65.0,972319.0
mura masa,58.0,701462.0
musashi project,48.0,92008.0
muse,75.5,8466090.0
mustard,71.0,1930877.0
my bloody valentine,52.0,1103638.0
my chemical romance,78.0,10298850.0
mychael danna,50.0,34710.0
myke towers,85.0,21958567.0
mykki blanco,35.0,86563.0
myles lloyd,56.0,38082.0
myles smith,74.0,1322522.0
myriam gendron,20.0,7443.0
m|o|o|n,46.0,149399.0
måneskin,76.0,10640396.0
mø,68.0,1465450.0
n'john,34.0,9375.0
n.e.r.d,59.0,935460.0
naeleck,66.0,115232.0
naimos riggerz,7.0,24.0
namira,18.0,91.0
nancy ajram,62.0,3751254.0
nardo wick,61.0,1613435.0
nas,71.0,4292330.0
nat & alex wolff,35.0,67673.0
natalie holt,45.0,39292.0
natalie jane,60.0,1174326.0
natalie la rose,46.0,128961.0
natalie taylor,54.0,211557.0
natasha bedingfield,71.0,1904542.0
nathan johnson,38.0,7132.0
nathan whitehead,29.0,6065.0
naughty boy,62.0,415464.0
nav,69.0,3563926.0
naym,37.0,8703.0
nazaki,42.0,11904.0
nbdy,38.0,122377.0
nbmusic,9.0,2827.0
nbsplv,62.0,309981.0
nck,32.5,2505.0
ndotz,59.0,273361.0
ne-yo,80.0,10220440.0
nea,50.0,57965.0
neal acree,44.5,17684.0
nebu kiniza,50.0,400264.0
neiked,59.0,190159.0
neil diamond,65.0,3241736.0
nelly,74.0,3745509.0
nelly furtado,77.0,4727543.0
nemesis,27.0,2422.0
neon trees,64.0,1284368.0
neoni,66.0,640347.0
neptunica,62.0,73057.0
nessa barrett,68.0,1719900.0
nessi gomes,42.0,91548.0
neve,25.0,19649.0
new west,68.0,627327.0
newjeans,77.0,11611877.0
nf,76.0,11162039.0
niall horan,70.0,10238134.0
nic dean,41.0,30249.0
nicholas bonnin,52.0,60344.0
nicholas britell,60.333333333333336,176006.0
nicholas hooper,55.5,55561.0
nick cave & the bad seeds,62.5,1563657.0
nick hissom,22.0,2001.0
nick jonas,63.0,9979409.0
nickelback,78.0,7849274.0
nicki minaj,84.0,34297934.0
nicky jam,81.0,20568367.0
nicky youre,63.0,329655.0
nico & vinz,61.0,573474.0
night acclaim,2.0,940.0
nightlite,3.0,289.0
niki,76.0,8642338.0
niklas dee,64.0,84858.0
nikon,1.0,226.0
niloserra,6.0,4.0
nilu,42.0,28498.0
nina simone,68.0,3231156.0
nine inch nails,71.0,3065386.0
nino rota,53.666666666666664,145189.0
nio garcia,67.0,5576392.0
nirvana,81.0,23398010.0
niteboi,46.0,80459.0
njomza,45.0,50314.0
nle choppa,73.0,10023089.0
no angels,41.0,72252.0
no doubt,68.0,3126833.0
no feels,19.0,610.0
noah cyrus,72.0,2069532.0
noah kahan,82.0,4379868.0
nobuo uematsu,59.0,354630.0
noisettes,46.0,128303.0
nombe,55.0,226784.0
normani,66.0,2956534.0
nostalgic feeling,30.0,414.0
nothing but thieves,63.0,1325652.0
noturgf,58.0,116368.0
now o later,43.0,2599.0
nu,55.0,170130.0
nxi,26.0,2348.0
o-zone,54.0,169924.0
o.t. genasis,50.0,1100826.0
oasis,80.0,12399445.0
octavian,47.0,254587.0
october surprise,48.0,1950.0
odetari,74.0,4573539.0
of monsters and men,69.0,3615053.0
offset,57.75,5610584.0
og1savage,6.0,141.0
oh no,42.0,66794.0
oh wonder,64.0,1093423.0
oingo boingo,56.0,526122.0
okay kaya,43.0,124262.0
ola strandh,29.0,5980.0
old dominion,67.0,1738831.0
old gods of asgard,43.0,92948.0
oliver cronin,39.0,65719.0
oliver damian,3.0,92.0
oliver tree,67.0,2583984.0
olivia bragoli,20.0,1099.0
olivia cox,18.0,1263.0
olivia dean,88.0,1524283.0
olivia fern,44.0,26887.0
olivia herdt,24.0,10100.0
olivia newton-john,67.0,1791980.0
olivia o'brien,60.0,2069542.0
olivia rodrigo,84.48550724637681,49083617.0
olivia soli,15.0,2381.0
ollie twist,17.0,106.0
olly alexander (years & years),68.0,2041384.0
olly murs,62.0,3186602.0
omarion,59.0,3280085.0
omi,63.0,690380.0
omido,58.857142857142854,72278.0
one direction,83.0,40275440.0
onerepublic,81.0,18706004.0
onr,27.0,8057.0
opez,39.0,23473.0
or barak,12.0,2956.0
orlando kallen,25.0,2136.0
orville peck,54.0,467896.0
orvyn sol,15.0,48.0
oscar maydon,81.0,6968754.0
oscen,35.0,17142.0
other lives,45.0,120370.0
otto deburaux & the clown lounge,9.0,64.0
outkast,73.0,3382362.0
ovi jozi,17.0,3567.0
owl city,66.0,2503055.0
ozora,18.0,20718.0
ozzy osbourne,75.0,7569660.0
p!nk,78.0,18208465.0
p.a.b,7.0,49.0
p.t. adamczyk,54.0,49276.0
padre tóxico,26.0,13179.0
palaye royale,59.0,786994.0
paloma faith,64.0,1499294.0
panic! at the disco,76.0,12721192.0
papa roach,71.33333333333333,6096792.0
paramore,79.0,9797201.0
paris hilton,48.0,808436.0
paris paloma,66.0,786890.0
parker mccollum,66.0,704570.0
parov stelar,60.0,1106316.0
party favor,47.0,180459.0
partynextdoor,83.0,10115734.0
passarella death squad,22.0,4480.0
passenger,67.0,3758862.0
pastel ghost,63.0,940759.0
patrick doyle,55.0,97044.0
patrick watson,70.0,919612.0
paul james,24.0,671.0
paul russell,58.0,253726.0
paulo henrique david,14.0,979.0
pawel blaszczak,43.0,18068.0
peach tree rascals,50.0,242892.0
peaches,45.0,284406.0
peachy!,48.0,236788.0
pearl,53.0,133588.0
pearl jam,75.0,9919919.0
peggy gou,62.0,1067325.0
penelope scott,58.0,1293557.0
penthox,18.0,3062.0
percival schuttenbach,48.333333333333336,64618.0
perpetualll,39.0,20007.0
peso pluma,86.0,23973526.0
pet shop boys,68.0,2195283.0
peter bjorn and john,60.0,435132.0
peter nashel,18.0,772.0
phantogram,69.0,967620.0
pharrell williams,79.0,5316473.0
phay,20.0,5344.0
phil collins,76.0,7339106.0
phil wickham,70.0,1300663.0
philip glass,58.0,689447.0
phillip phillips,60.0,1139141.0
phoebe bridgers,76.0,3007903.0
pia baris,24.0,2256.0
pierce the veil,76.0,3928705.0
pinar toprak,42.0,15042.0
pink floyd,79.0,22729968.0
pink sweat$,61.0,1862702.0
pinkpantheress,78.0,4763234.0
piotr musiał,49.0,17501.0
pirate hunter,13.0,666.0
pistol day parade,6.0,773.0
pitbull,84.0,11939612.0
pixie lott,44.0,938275.0
pixies,68.0,3544284.0
pj harvey,57.0,1200822.0
plain white t's,62.0,1345390.0
playamane,45.0,192204.0
playboi carti,86.0,15037198.0
player1,30.0,4292.0
plaza,50.0,211275.0
polo g,76.0,13056061.0
polyphia,58.0,1338329.0
pools,14.0,1502.0
pop smoke,75.2,15616692.0
poppy,66.0,1686734.0
port sulphur band,43.0,36308.0
porter robinson,59.0,1220599.0
portishead,64.0,2339851.0
portugal. the man,69.0,1525079.0
post malone,85.5421686746988,47726839.0
poul,53.0,1161.0
pow,45.0,73003.0
powfu,66.0,1474124.0
prasewon,38.0,10229.0
prax,23.0,1982.0
precedence,17.0,266.0
pretenders,62.0,1681119.0
prettymuch,54.0,1261169.0
prezioso,62.0,159294.0
prince royce,74.0,8654826.0
princess chelsea,52.0,231471.0
project north,23.0,1914.0
provoker,46.0,73788.0
psy,62.0,1819643.0
psychoyp,48.0,154802.0
ptasinski,64.0,423959.0
public,53.0,238218.0
puddle of mudd,63.0,2315984.0
puffcorn,21.0,23907.0
purity ring,52.0,603022.0
pvris,58.333333333333336,719836.0
quality control,64.0,1605530.0
quavo,76.0,8083202.0
queen,82.0,55209500.0
queen latifah,51.0,244696.0
queens of the stone age,69.0,3837190.0
quevedo,82.0,6416353.0
quincy jones,56.0,456253.0
r. carlos nakai,47.0,64144.0
r. city,63.0,226501.0
r. kelly,66.0,2485646.0
r.e.m.,72.0,5365848.0
r2,42.0,483.0
raaban,50.0,413516.0
rachel platten,58.0,1007753.0
radiohead,85.0,13848580.0
rae morris,41.0,71857.0
rae sremmurd,69.0,7767429.0
raekwon,61.0,665179.0
rag'n'bone man,65.0,2244656.0
raghav,53.0,158574.0
rainbow kitten surprise,70.0,1371355.0
raison varner,29.0,2957.0
rakim,55.0,1017891.0
ramin djawadi,65.0,718418.0
rammstein,77.0,11810806.0
randy houser,57.0,1104896.0
randy newman,59.0,267858.0
rap việt,55.0,2085415.0
rare earth,40.0,192497.0
rascal flatts,68.0,3672255.0
rasheeda,53.0,202732.0
rauw alejandro,88.0,31093918.0
ravyn lenae,76.0,844558.0
raye,81.0,2857629.0
raysoo,10.0,355.0
realestk,56.0,473107.0
reba mcentire,61.0,2223568.0
reclabs,0.0,19.0
red hot chili peppers,82.33333333333333,23226759.0
rednex,56.0,194340.0
reed wonder,62.0,99854.0
regard,63.0,286728.0
regina spektor,59.0,1441574.0
reginaldo de oliveira,5.0,21.0
rema,76.0,8672431.0
reneé rapp,72.0,1262133.0
reprobeater,45.0,2194.0
restricted,60.0,157326.0
retrospectre,47.0,6375.0
retz,40.0,9764.0
revels,14.0,1525.0
revline,47.0,509.0
rex orange county,74.0,6739016.0
rhiannon giddens,47.0,173422.0
rhodes,53.0,145948.0
rich amiri,66.0,794589.0
rich brian,65.0,2145729.0
rich the kid,63.5,3479963.0
richard armitage,49.0,9507.0
richard hawley,47.0,170828.0
richard marx,66.0,1544368.0
richy mitch & the coal miners,67.0,314693.0
ricky rich,57.0,251449.0
riell,52.0,78478.0
riff raff,48.0,193302.0
right right,27.0,200.0
rihanna,90.0,69050055.0
riley green,75.0,1372158.0
rio romeo,64.0,673909.0
risi,11.0,1182.0
rising appalachia,48.0,261140.0
rising6,22.0,3401.0
rita ora,68.0,8411391.0
riton,61.0,161181.0
ritt momney,50.0,152294.0
rival,50.0,85529.0
rl grime,59.0,441801.0
roar,62.0,1477311.0
rob $tone,53.0,317304.0
rob grant,39.0,49536.0
rob thomas,62.0,973349.0
rob wolf,25.0,1152.0
robbie williams,71.0,3314550.0
robert l. euvino,33.0,4141.0
robert palmer,56.0,1102846.0
roberto diana,24.0,2785.0
robin carolan,38.0,6898.0
robin schulz,75.0,3276119.0
robin thicke,63.0,1976419.0
robyn,60.0,871643.0
rocco deluca,39.0,15527.0
rockstar jt,25.0,10987.0
rod stewart,72.0,5563752.0
rod wave,76.0,9673984.0
roddy ricch,74.0,11850722.0
roderic,34.0,24486.0
rodney atkins,60.0,2011461.0
rodrigo y gabriela,47.0,462893.0
roga.,46.0,64215.0
rohan saridena,16.0,2147.0
ron pope,50.0,248615.0
rosa linn,63.0,467908.0
rosalía,76.71428571428571,8605316.0
rosenfeld,51.0,164524.0
ross copperman,41.0,49248.0
rosse,29.0,29094.0
rosé,78.0,13320396.0
roxette,72.0,2853224.0
royal blood,60.0,1708042.0
royel otis,73.0,576895.0
rudimental,67.6,1409983.0
ruelle,61.0,648181.0
rumelis,48.583333333333336,8802.0
rumi,72.0,220991.0
rupert gregson-williams,49.0,47193.0
russ,72.0,5508290.0
russ millions,60.0,1038396.0
russell dickerson,65.0,587206.0
russell watson,38.0,44378.0
ruth b.,69.0,4468964.0
rvssian,71.0,2726605.0
rxrxbbit,32.0,592.0
ryan gosling,55.0,263005.0
ryn weaver,44.0,222178.0
sabir,18.0,435.0
sabrina carpenter,91.0,26559943.0
sabrina claudio,59.0,1719561.0
sad puppy,48.0,45292.0
sade,77.0,5111573.0
sadfriendd,56.0,130326.0
safenokk,12.0,12757.0
saint avangeline,58.0,177128.0
saint jhn,65.0,1153939.0
saint motel,63.0,770400.0
saja boys,80.0,2234812.0
salami rose joe louis,39.0,68676.0
salem ilese,56.0,404261.0
sales,57.0,615432.0
salvia palth,65.0,1363182.0
sam & dave,55.0,369856.0
sam austins,49.0,54011.0
sam bruno,35.0,12477.0
sam cardon,33.0,1965.0
sam feldt,65.0,802580.0
sam fender,73.0,1206228.0
sam fischer,55.0,341193.0
sam hunt,65.0,2473903.0
sam plourd,28.0,309.0
sam smith,81.0,26278854.0
sam sparro,46.0,88260.0
sam tinnesz,63.0,284520.0
samantha lux,4.0,423.0
sammy hagar,50.0,1013720.0
samuel kim,61.0,399854.0
san fernando symphonic assembly,26.0,1459.0
sandra iris,37.0,2184.0
sandëro,44.0,5733.0
santana,70.0,3797948.0
santigold,63.0,802820.0
santo & johnny,51.0,159177.0
sapientdream,57.0,224595.0
sara bareilles,61.0,1987190.0
sara kays,54.0,570879.0
sarah berg,35.0,1843.0
sarah cothran,51.0,305262.0
sarah jaffe,31.0,53066.0
sarah schachner,47.0,52523.0
sasha alex sloan,66.0,1758258.0
sault,62.0,580473.0
savages,26.0,13493.0
savant,38.0,158060.0
sawano hiroyuki,65.0,728021.0
sawd yute,9.0,36.0
saweetie,65.0,2640883.0
scarlett butler,3.0,364.0
schoolboy q,72.0,5039779.0
scizzie,47.0,37315.0
scoobert doobert,36.0,5606.0
score,27.0,1248.0
scorpions,73.0,8602427.0
scott benson band,36.0,9166.0
scotty mccreery,61.0,1143926.0
scouting for girls,52.0,351329.0
sea of thieves,41.0,95832.0
seafret,65.0,1091221.0
sean callery,25.0,4848.0
sean dagher,49.0,29176.0
sean kingston,70.5,3769513.0
sean murray,34.0,8512.0
sean paul,81.0,5279150.0
searows,59.0,226311.0
sebastian ingrosso,67.0,1009832.0
secretpath,23.0,3279.0
seether,69.0,3830824.0
sehore,12.0,44.0
selena gomez,81.0,53267200.0
selena gomez & the scene,67.0,10381965.0
senhit,27.0,54636.0
sera,1.0,1952.0
serena,49.0,176530.0
serena kaya,4.0,4.0
sevdaliza,69.0,917778.0
seven kay,5.0,156.0
shaboozey,75.5,1449816.0
shaed,52.0,196043.0
shaker,46.0,56712.0
shakira,85.0,39809584.0
shams,22.0,227.0
shania twain,70.0,3384921.0
shanin blake,40.0,138369.0
shawn mendes,81.0,45710657.0
she & him,50.0,448638.0
sheck wes,63.0,1781959.0
shehab,57.0,1030417.0
shelailai,23.0,2256.0
shelita,23.0,462.0
shenandoah,58.0,550968.0
sherine,66.0,9684217.0
shiro sagisu,60.0,259200.0
shotty,11.0,382.0
shouse,63.0,174043.0
shpongle,42.0,315612.0
shuggie otis,46.0,182636.0
shy smith,56.0,171799.0
sia,82.0,30556621.0
sickick,64.0,1211803.0
sidewalks and skeletons,62.0,457277.0
sie sound team,50.0,50328.0
siena fantini,13.0,183.0
sienna spiro,66.0,182377.0
sigala,64.0,1581221.0
siiickbrain,43.0,82471.0
silentó,48.0,221937.0
silverberg,40.0,8405.0
sim lakia,4.0,810.0
simon curtis,48.0,151680.0
simon franglen,42.0,19349.0
simple plan,68.0,3917139.0
sir chloe,58.0,907757.0
sista prod,48.0,68226.0
ski mask the slump god,68.0,6052038.0
skillet,75.0,5897210.0
skinny dippers,26.0,4188.0
skott,51.0,236530.0
skrillex,74.0,7528679.0
skrizzly adams,43.0,30470.0
sky ferreira,54.0,640710.0
skylar grey,65.0,672618.0
slayyyter,60.0,460982.0
sleep token,78.0,2822145.0
sleeping at last,66.0,1555597.0
sleepy dawg,39.0,5708.0
sleepy hallow,70.0,2542055.0
slipknot,78.0,14083185.0
slowdive,64.0,1369392.0
slush puppy,41.0,69770.0
slō,61.0,198190.0
smash mouth,64.0,1197682.0
smith & liddle,17.0,543.0
snakehips,56.0,370154.0
snoop dogg,80.25,15700135.0
snow patrol,68.0,3301184.0
snow strippers,65.0,330171.0
soap&skin,60.0,261492.0
sofi tukker,65.0,929485.0
sofia camara,59.0,92183.0
sofia carson,67.0,3736388.0
sofia isella,55.4,557610.0
sofia mills,43.0,71486.0
soft cell,61.0,793663.0
sofía reyes,63.0,3148347.0
soja,60.0,1163792.0
sombr,85.0,2809275.0
somo,55.0,705196.0
son lux,49.0,340030.0
sonic youth,55.0,1309042.0
sonny fodera,66.0,306842.0
sonya belousova,49.0,35514.0
soolking,69.0,6204568.0
sophie ellis-bextor,65.0,570428.0
sophie thatcher,37.0,53720.0
sopperior,30.0,2964.0
sorana,52.0,55780.0
"sorry, alone",29.0,546.0
soulja boy,68.0,2408533.0
souls of mischief,54.0,380684.0
sounds kinda good,19.0,88.0
sparky deathcap,49.0,65353.0
sped up nightcore,64.0,190093.0
sped up viral,48.0,62468.0
sped-o,41.0,6677.0
spice,61.0,589195.0
spice girls,67.0,4243040.0
spongebob squarepants,52.0,424177.0
spotify,16.0,33465.0
sptembrr,4.0,1909.0
st.james,17.0,1254.0
stacey ryan,52.0,189019.0
staind,68.0,2950620.0
stakz devito,28.0,1103.0
stan bush,39.0,38253.0
stanza,10.0,218.0
starley,54.0,229153.0
starship,68.0,1342110.0
staysolidrocky,56.0,396758.0
steeg,43.0,769.0
stefflon don,63.0,1206870.0
stelvio cipriani,48.0,42604.0
stephen barton,38.0,15447.0
stephen dawes,52.0,198872.0
stephen sanchez,71.0,1874891.0
stereophonics,65.0,1748684.0
steve earle,58.0,334730.0
steve jablonsky,57.0,218550.0
steve lacy,77.0,6429788.0
steven price,48.5,39183.0
stevie nicks,68.0,2137540.0
stfn,9.0,73.0
still corners,58.0,374516.0
stimming x lambert,25.0,7633.0
sting,71.0,3857762.0
stone canyons,13.0,27.0
strawberry guy,68.0,1251440.0
stray currents,20.0,1073.0
stromae,73.0,3860463.0
suark,32.0,1496.0
sufjan stevens,70.0,2360290.0
sugababes,58.0,733057.0
sugar jesus,47.0,4569.0
sugarland,54.0,1993973.0
suicidal-idol,60.0,278024.0
suki,29.0,3595.0
suki waterhouse,68.0,1394134.0
sum 41,69.0,4328676.0
summer walker,76.0,8013600.0
sunderworld,32.0,8404.0
sunidhi chauhan,74.0,17579633.0
superfruit,49.0,195254.0
superheaven,62.0,453018.0
superpoze,38.0,38848.0
surf curse,68.0,1744994.0
surf mesa,58.0,191414.0
surfaces,61.0,983406.0
surreal_dvd,55.0,8731.0
survivor,67.0,1405055.0
suzanne vega,59.0,554960.0
swedish house mafia,75.0,3949244.0
swingin' neckbreakers,4.0,643.0
switch disco,53.0,122782.0
sydney rose,63.0,340502.0
sylvia black,32.0,3581.0
syml,71.0,970736.0
syre,0.0,367.0
system of a down,80.0,13976718.0
sza,87.0,33068979.0
sûr faire,42.0,294.0
t.a.t.u.,64.0,1098389.0
t.i.,75.0,5129280.0
t.v. carpio,31.0,3581.0
taene,33.0,1639.0
tailiah breon,22.0,49.0
taio cruz,67.0,2367394.0
take that,63.0,1441836.0
tamba tha god,0.0,23.0
tame impala,84.53846153846153,9523590.0
tamio okuda,45.0,264177.0
tammo,19.0,290.0
tarja preta 013,12.0,80.0
tash sultana,61.0,1785857.0
tate mcrae,88.0,9265406.0
taylor swift,100.0,145542136.0
tears for fears,73.0,4101657.0
teddy,35.0,37108.0
teddy swims,83.0,5674855.0
teena marie,53.0,676569.0
ten years after,56.0,626213.0
tenseoh,37.0,11530.0
tera lynne fister,22.0,1274.0
terence blanchard,49.0,46586.0
terry parks,24.0,26.0
the 1975,76.0,7961145.0
the 502s,55.0,209803.0
the all-american rejects,67.0,3134186.0
the american dawn,59.0,68931.0
the animals,65.0,2646110.0
the anxiety,56.0,230230.0
the band perry,55.0,1615133.0
the beatles,82.05,30726377.0
the bird and the bee,52.0,247035.0
the black keys,68.0,4138562.0
the blue notes,38.0,10148.0
the calling,63.0,921078.0
the chainsmokers,80.0,21360805.0
the chemical brothers,61.0,2246627.0
the chi-lites,44.0,628407.0
the chicks,64.0,1544335.0
the cinematic orchestra,61.0,755390.0
the city of prague philharmonic orchestra,59.666666666666664,133622.0
the cranberries,76.0,5403309.0
the donnas,37.0,154601.0
the doors,71.0,8852274.0
the dubliners,53.0,441005.0
the dø,48.0,410069.0
the eternal dreamers,17.0,841.0
the evolved,25.0,4758.0
the film score orchestra,0.0,4718.0
the flight,44.0,12450.0
the fray,73.0,4290585.0
the game,70.0,5200472.0
the goo goo dolls,76.0,3491229.0
the handsome family,52.0,161074.0
the haygoods,20.0,7785.0
the heavy,58.0,488277.0
the hellbenders,15.0,1778.0
the high kings,53.0,200421.0
the irish rovers,50.0,181181.0
the jackson 5,63.0,1876463.0
the jesus and mary chain,50.0,545766.0
the kid laroi,79.0,6596750.0
the killers,76.0,8008992.0
the kills,47.0,691440.0
the kinks,62.0,2816087.0
the kooks,67.0,2652767.0
the last dinner party,66.0,668762.0
the last shadow puppets,57.0,1206124.0
the lively ones,37.0,26956.0
the loft club,8.0,853.0
the lumineers,76.0,5903211.0
the macarons project,54.0,362833.0
the mamas & the papas,66.0,2061788.0
the marías,83.0,3777019.0
the mutants,19.0,3230.0
the mystics,27.0,18184.0
the neighbourhood,83.0,21614916.0
the notorious b.i.g.,75.0,12766717.0
the outfield,65.0,787399.0
the pharcyde,58.0,864498.0
the platters,57.0,864537.0
the police,76.0,7564780.0
the pretty reckless,59.0,1553110.0
the pussycat dolls,69.0,6273404.0
the queen wasps,5.0,5.0
the rare occasions,65.0,688597.0
the rasmus,60.0,565487.0
the raven vox,4.0,8.0
the real thing,52.0,105762.0
the red clay strays,71.0,1133411.0
the red jumpsuit apparatus,62.0,1532727.0
the relentless,34.0,70356.0
the rolling stones,77.0,15714574.0
the ronettes,65.0,443204.0
the roots,59.0,1494924.0
the royal philharmonic concert orchestra,19.0,387.0
the rumors,23.0,700.0
the scotts,51.0,318007.0
the script,74.0,8811891.0
the secret sisters,50.0,122639.0
the skallywags,40.0,38718.0
the smashing pumpkins,73.0,6082676.0
the smiths,78.0,7733966.0
the sound mind network,6.0,46.0
the space ocean,39.0,91961.0
the strokes,74.16666666666667,6446735.0
the struts,58.0,435937.0
the temper trap,69.0,773244.0
the temptations,65.0,3282964.0
the used,60.0,1304494.0
the vamps,62.0,5913008.0
the velvet underground,60.0,2127342.0
the velveteers,32.0,31684.0
the veronicas,55.0,984364.0
the verve,68.0,2739075.0
the walters,69.0,1047913.0
the wanted,61.0,2444287.0
the war on drugs,58.0,1006099.0
the weeknd,93.32534246575342,113039308.0
the white stripes,68.0,3533200.0
the wombats,61.0,1110794.0
the xx,63.0,3785833.0
the zombies,57.0,1078624.0
thedodo,39.0,29192.0
thierry von der warth,62.0,47263.0
third vibes,24.0,3776.0
thirty seconds to mars,67.0,3967538.0
thom yorke,56.8,1215070.0
thomas day,56.0,259120.0
thomas newman,60.0,277520.0
thomas rhett,73.0,4984665.0
thornetta davis,16.0,4679.0
three days grace,77.0,7302348.0
three loco,23.0,19323.0
tim mcgraw,69.0,5043722.0
timbaland,79.0,3469963.0
timber,32.0,37.0
timber timbre,45.0,226303.0
timmy trumpet,69.0,1303279.0
timothée chalamet,56.0,149707.0
tinariwen,47.0,453184.0
tinashe,76.0,3084389.0
tinie tempah,62.0,835625.0
tiësto,80.0,7980308.0
toby keith,70.0,3014433.0
toby mai,50.0,73397.0
todrick hall,49.0,435368.0
tokio hotel,62.0,1360190.0
tolou,28.0,4401.0
tom frane,48.0,85781.0
tom grennan,63.0,613768.0
tom hiddleston,17.0,9263.0
tom odell,76.5,4311492.0
tom petty,68.0,2969744.0
tom waits,57.0,1460772.0
tomcraft,43.0,42663.0
tommee profitt,64.0,351526.0
tommy richman,68.0,938200.0
tommyandmary,8.0,1117.0
tones and i,69.0,3006445.0
toni dos anjos,6.0,475.0
toon,37.0,10928.0
toopoor,46.0,128149.0
toosii,63.0,2342730.0
topic,72.0,318355.0
toploader,61.0,121417.0
tora,49.0,139067.0
tory lanez,79.0,8276031.0
toto,73.0,3718127.0
tove lo,71.63636363636364,3677060.0
tracy lawrence,60.0,1296424.0
traditional,60.0,101837.0
train,70.0,4516207.0
transviolet,39.0,219681.0
trash boat,38.0,127334.0
travie mccoy,59.0,489247.0
travis scott,89.0,41131037.0
travis tritt,63.5,1625403.0
trevor daniel,59.0,927698.0
trevor jones,51.0,43632.0
trevor morris,52.0,90530.0
trevor rabin,42.0,34057.0
trey songz,69.0,7745199.0
trfn,50.0,39852.0
trippie redd,80.0,11010665.0
troy,59.0,133868.0
troye sivan,72.13333333333334,9463490.0
tsukasa saitoh,43.0,12225.0
tungevaag,58.0,175275.0
turndownn,24.0,378.0
tv girl,79.25,12569270.0
tv on the radio,55.0,688032.0
tweekacore,38.0,25554.0
twenty one pilots,83.0,25762646.0
twice,83.0,23342437.0
twin shadow,45.0,213895.0
two door cinema club,66.0,2546279.0
two feet,67.0,2177612.0
two steps from hell,61.0,868224.0
two worlds ii,29.0,1804.0
ty dolla $ign,81.0,7319540.0
tyga,78.0,7315854.0
tyla,77.0,3509163.0
tyler bates,50.25,88455.0
"tyler, the creator",86.0,24451340.0
tørismad,29.0,378.0
túlio pereira,13.0,17.0
u2,75.0,13593848.0
uhfwea,30.0,193.0
ultra sunn,46.0,82479.0
umaii,25.0,1078.0
umur anil gokdag,56.0,18840.0
unaloon,31.0,43976.0
unknown t,53.0,367831.0
unlike pluto,57.0,398681.0
unloved,38.0,64354.0
untrusted,45.0,20753.0
upsahl,53.0,400624.0
usher,80.0,13753493.0
vacations,68.0,1485869.0
valentin,40.0,2159.0
valve studio orchestra,46.0,90429.0
vamero,48.0,11894.0
van herpen,37.0,1081.0
van morrison,69.0,3597735.0
vance joy,74.0,3482109.0
vanessa carlton,63.0,715855.0
vanessa da mata,64.0,1392074.0
vanna rainelle,57.0,90428.0
various artists,0.0,2777927.0
vctrys,28.0,3745.0
vengaboys,63.0,581061.0
verifiziert,43.0,37276.0
verzache,52.0,265495.0
vestron vulture,49.0,137471.0
vicarious visions audio,34.0,13714.0
victoria monét,61.0,1263572.0
vida,30.0,21839.0
video game players,48.0,71368.0
video games live,37.0,104042.0
vierre cloud,50.0,141836.0
vince bello,6.0,84.0
vince gill,60.0,686959.0
vince staples,65.0,2030506.0
virgil howe,21.0,3014.0
virtual riot,51.0,358475.0
visibly true,20.0,114.0
vize,60.0,220555.0
vnv nation,47.0,214097.0
voncho,12.0,390.0
vundabar,59.0,542316.0
w sound,73.0,812534.0
wafia,55.0,173156.0
waka flocka flame,69.0,2857175.0
wale,72.0,4278389.0
walk the moon,65.0,2239954.0
wallows,67.0,3002443.0
warpaint,44.0,512699.0
waylon jennings,67.0,1680797.0
wayne marshall,35.0,14818.0
waytoolost,21.0,169.0
weeklyn,30.0,6940.0
wegz,61.0,7437933.0
weisser quiff,28.0,1517.0
weknewnothing,27.0,3637.0
westerlund,34.0,1809.0
westside connection,55.0,1661470.0
weyes blood,56.0,561316.0
what matters the most,25.0,814.0
wheatus,65.0,325342.0
wheeler walker jr.,55.0,558728.0
whethan,62.0,325011.0
whiskey myers,68.0,1144333.0
whitebuffs,0.0,2379.0
whoopa,26.0,2105.0
why mona,46.0,102423.0
wilkinson,60.0,304362.0
will hyde,40.0,17337.0
will roush,33.0,6685.0
will smith,65.0,1155240.0
will.i.am,73.0,4428244.0
willamette stone,40.0,71661.0
willie nelson,69.0,2572589.0
willow,68.0,2981715.0
witt lowry,55.0,608869.0
wiz khalifa,81.0,12078615.0
wizkid,79.0,9449714.0
wizthemc,73.0,226566.0
wolf alice,65.0,858427.0
wolfgang amadeus mozart,75.0,5898725.0
wolfmother,56.0,1013775.0
woodkid,63.0,894945.0
woody jackson,49.0,29433.0
wte lik,6.0,27.0
wu-tang clan,65.0,3707332.0
wwe,63.333333333333336,699445.0
x,41.0,167670.0
x ambassadors,69.0,3108097.0
xander ward,34.8,729.0
xanemusic,32.0,92528.0
xavi,76.0,8456647.0
xo team,31.0,106381.0
xoxomyah,24.0,26967.0
xxanteria,58.0,462135.0
xxkatusjinsux,50.0,97074.0
xxxtentacion,83.0,51727329.0
xylø,43.0,364003.0
y2k,56.0,331482.0
yaima,52.0,146763.0
yall,47.0,45865.0
yandel,76.0,8820592.0
yasuharu takanashi,58.0,112003.0
yasunori nishiki,47.0,21109.0
yeah yeah yeahs,66.0,1475085.0
yeahman,49.0,53987.0
yeat,79.0,5978358.0
yelawolf,64.0,2363438.0
yg,71.0,3477960.0
yg marley,56.0,679601.0
ygf devo,24.0,162.0
ylsounds,0.0,599.0
ylvis,47.0,180681.0
yng lvcas,65.0,445514.0
ynw melly,71.0,12755534.0
yonaka,48.0,185071.0
yorina,38.0,7287.0
yoshihisa hirano,50.375,62853.0
yot club,61.0,686397.0
you me at six,53.0,692223.0
young m.a,61.0,1620367.0
young money,60.0,3277692.0
young stoner life,63.0,287616.0
young the giant,65.0,1704555.0
young thug,84.0,12421354.0
youngbloodz,47.0,634747.0
youngboy never broke again,84.2,14958573.0
your anxiety buddy,46.0,51748.0
yuka kitamura,48.0,49206.0
yuki hayashi,58.0,165536.0
yulee,24.0,679.0
yung alpo,24.0,166.0
yung gravy,66.0,1758083.0
yung kai,70.0,1981867.0
yungblud,73.0,3204129.0
yunggoth✰,49.0,287277.0
yutaka yamada,50.0,51295.0
zach bryan,84.0,7325625.0
zach templar,53.0,215447.0
zaid khaled,37.0,68002.0
zandros,57.0,77490.0
zara larsson,77.36363636363636,10915923.0
zauntee,46.0,141405.0
zayn,77.0,24114464.0
zedd,73.0,6111556.0
zelda,8.0,3263.0
zerb,68.5,174981.0
zoe wees,62.0,579294.0
zombie nation,46.0,53901.0
zukrassverliebt,24.0,435.0
zulan,53.0,33160.0
zummer,46.5,1186.0
¥$,69.0,1042697.0
ängie,32.0,156667.0
ólafur arnalds,63.0,881054.0
öwnboss,59.0,110860.0
加藤達也,39.0,14699.0
攬佬skai isyourgod,64.0,298654.0
時瀬高等学校箏曲部,22.0,2625.0
桑原まこ,12.0,346.0
梶浦 由記,53.0,132111.0
藤澤慶昌,40.0,13575.0
